dataset,model,seed,fold,params,train_seconds,latency_ms
esc10,rf,0,1,0,0.618582010269165,19.18935775756836
esc10,rf,0,2,0,0.5545618534088135,22.442758083343502
esc10,rf,0,3,0,0.5048551559448242,20.573043823242188
esc10,rf,0,4,0,0.5153663158416748,22.545647621154785
esc10,rf,0,5,0,0.509415864944458,21.94075584411621
esc10,cnn,0,1,242250,27.716138124465942,5.1821112632751465
esc10,cnn,0,2,242250,26.918817043304443,4.853308200836182
esc10,cnn,0,3,242250,27.059030771255493,4.542696475982666
esc10,cnn,0,4,242250,27.31575608253479,6.639504432678223
esc10,cnn,0,5,242250,27.156758069992065,5.129146575927734
esc10,resnet,0,1,11181642,36.969005823135376,9.153556823730469
esc10,resnet,0,2,11181642,36.65014600753784,8.954095840454102
esc10,resnet,0,3,11181642,44.553406953811646,9.136700630187988
esc10,resnet,0,4,11181642,48.56550884246826,10.774004459381104
esc10,resnet,0,5,11181642,47.064271211624146,9.15830135345459
esc10,wav2vec,0,1,94379402,696.1985440254211,158.15749168395996
esc10,wav2vec,0,2,94379402,749.115841627121,149.51075315475464
esc10,wav2vec,0,3,94379402,794.1472067832947,172.1001386642456
esc10,wav2vec,0,4,94379402,731.6630628108978,160.68814992904663
esc10,wav2vec,0,5,94379402,731.6133291721344,161.20615005493164
sc,rf,0,1,0,38.43073225021362,17.063605785369873
sc,cnn,0,1,242250,493.47401905059814,1.4984488487243652
sc,resnet,0,1,11181642,947.9841330051422,5.877959728240967
sc,wav2vec,0,1,94379402,5617.694753170013,40.69339036941528
sc_small,rf,0,1,0,0.441666841506958,20.174038410186768
sc_small,cnn,0,1,242250,8.982867002487183,1.5607953071594238
sc_small,resnet,0,1,11181642,14.768222093582153,5.197048187255859
sc_small,wav2vec,0,1,94379402,119.0884621143341,41.69764518737793
