dataset,model,seed,condition,bin,weight,confidence,accuracy
esc10,rf,0,clean,0,0.0,,
esc10,rf,0,clean,1,0.0075,0.191110200009111,0.0
esc10,rf,0,clean,2,0.0975,0.2658957769396665,0.4871794871794871
esc10,rf,0,clean,3,0.2525,0.3584132574515839,0.6435643564356436
esc10,rf,0,clean,4,0.23,0.4447066978605576,0.7391304347826086
esc10,rf,0,clean,5,0.1725,0.5556476174368691,0.9855072463768116
esc10,rf,0,clean,6,0.12,0.6497167250549717,0.9375
esc10,rf,0,clean,7,0.0775,0.7409613323221605,1.0
esc10,rf,0,clean,8,0.0375,0.8366593000736658,1.0
esc10,rf,0,clean,9,0.005,0.9099919000809992,1.0
esc10,rf,0,white_0,0,0.0,,
esc10,rf,0,white_0,1,0.0,,
esc10,rf,0,white_0,2,0.115,0.271302634799739,0.0869565217391304
esc10,rf,0,white_0,3,0.375,0.3536641300253664,0.12
esc10,rf,0,white_0,4,0.2125,0.4471729988582467,0.2
esc10,rf,0,white_0,5,0.1625,0.5449186277367997,0.1076923076923077
esc10,rf,0,white_0,6,0.105,0.6442009071972772,0.3809523809523809
esc10,rf,0,white_0,7,0.025,0.745660210064566,0.5
esc10,rf,0,white_0,8,0.005,0.8433259000743327,0.5
esc10,rf,0,white_0,9,0.0,,
esc10,rf,0,real_0,0,0.0,,
esc10,rf,0,real_0,1,0.05,0.1853324800085332,0.0
esc10,rf,0,real_0,2,0.3075,0.2590499000159049,0.1219512195121951
esc10,rf,0,real_0,3,0.2925,0.3441001231013331,0.2136752136752136
esc10,rf,0,real_0,4,0.19,0.4492947526665083,0.25
esc10,rf,0,real_0,5,0.0875,0.5555192543312663,0.4285714285714285
esc10,rf,0,real_0,6,0.055,0.6549944500554994,0.6818181818181818
esc10,rf,0,real_0,7,0.015,0.7433269000643327,0.5
esc10,rf,0,real_0,8,0.0025,0.8166595000716661,1.0
esc10,rf,0,real_0,9,0.0,,
esc10,cnn,0,clean,0,0.0,,
esc10,cnn,0,clean,1,0.005,0.1776127517223358,0.0
esc10,cnn,0,clean,2,0.01,0.2686511576175689,0.5
esc10,cnn,0,clean,3,0.0475,0.3662973046302795,0.5263157894736842
esc10,cnn,0,clean,4,0.1225,0.4498098790645599,0.5510204081632653
esc10,cnn,0,clean,5,0.135,0.5494875907897949,0.7592592592592593
esc10,cnn,0,clean,6,0.1475,0.6563239097595215,0.864406779661017
esc10,cnn,0,clean,7,0.215,0.7535314559936523,0.8837209302325582
esc10,cnn,0,clean,8,0.16,0.8416364789009094,0.984375
esc10,cnn,0,clean,9,0.1575,0.9495020508766174,1.0
esc10,cnn,0,white_0,0,0.0,,
esc10,cnn,0,white_0,1,0.0,,
esc10,cnn,0,white_0,2,0.0,,
esc10,cnn,0,white_0,3,0.0,,
esc10,cnn,0,white_0,4,0.005,0.4765163064002991,0.0
esc10,cnn,0,white_0,5,0.015,0.5543662309646606,0.1666666666666666
esc10,cnn,0,white_0,6,0.035,0.6576396226882935,0.1428571428571428
esc10,cnn,0,white_0,7,0.0775,0.768118679523468,0.0
esc10,cnn,0,white_0,8,0.1575,0.854943573474884,0.0317460317460317
esc10,cnn,0,white_0,9,0.71,0.9526838660240172,0.1373239436619718
esc10,cnn,0,real_0,0,0.0,,
esc10,cnn,0,real_0,1,0.015,0.1808521896600723,0.0
esc10,cnn,0,real_0,2,0.09,0.2580047845840454,0.1388888888888889
esc10,cnn,0,real_0,3,0.1,0.3512869477272033,0.225
esc10,cnn,0,real_0,4,0.1475,0.4493868052959442,0.3389830508474576
esc10,cnn,0,real_0,5,0.1575,0.5523914098739624,0.2063492063492063
esc10,cnn,0,real_0,6,0.12,0.6532686352729797,0.2708333333333333
esc10,cnn,0,real_0,7,0.1025,0.7502232193946838,0.1219512195121951
esc10,cnn,0,real_0,8,0.135,0.848297119140625,0.1851851851851851
esc10,cnn,0,real_0,9,0.1325,0.9474053382873536,0.4528301886792453
esc10,resnet,0,clean,0,0.0,,
esc10,resnet,0,clean,1,0.0,,
esc10,resnet,0,clean,2,0.005,0.2761897444725036,0.0
esc10,resnet,0,clean,3,0.025,0.3666567206382751,0.4
esc10,resnet,0,clean,4,0.0425,0.4498911798000335,0.5882352941176471
esc10,resnet,0,clean,5,0.0475,0.5584578514099121,0.631578947368421
esc10,resnet,0,clean,6,0.06,0.6577706336975098,0.625
esc10,resnet,0,clean,7,0.09,0.7579808831214905,0.75
esc10,resnet,0,clean,8,0.1275,0.8603571057319641,0.8823529411764706
esc10,resnet,0,clean,9,0.6025,0.9751272797584534,0.979253112033195
esc10,resnet,0,white_0,0,0.0,,
esc10,resnet,0,white_0,1,0.0,,
esc10,resnet,0,white_0,2,0.0,,
esc10,resnet,0,white_0,3,0.0025,0.3978472948074341,0.0
esc10,resnet,0,white_0,4,0.02,0.4687646627426147,0.125
esc10,resnet,0,white_0,5,0.0325,0.5569649338722229,0.1538461538461538
esc10,resnet,0,white_0,6,0.04,0.6430047154426575,0.0
esc10,resnet,0,white_0,7,0.0675,0.7518261075019836,0.1111111111111111
esc10,resnet,0,white_0,8,0.1325,0.8545368909835815,0.0566037735849056
esc10,resnet,0,white_0,9,0.705,0.9699702858924866,0.1489361702127659
esc10,resnet,0,real_0,0,0.0,,
esc10,resnet,0,real_0,1,0.0,,
esc10,resnet,0,real_0,2,0.015,0.2584674060344696,0.0
esc10,resnet,0,real_0,3,0.055,0.3590125739574432,0.0909090909090909
esc10,resnet,0,real_0,4,0.055,0.4636725485324859,0.1818181818181818
esc10,resnet,0,real_0,5,0.0825,0.5448979139328003,0.303030303030303
esc10,resnet,0,real_0,6,0.095,0.6526151895523071,0.2368421052631578
esc10,resnet,0,real_0,7,0.125,0.7559995055198669,0.26
esc10,resnet,0,real_0,8,0.145,0.8527745604515076,0.1551724137931034
esc10,resnet,0,real_0,9,0.4275,0.961431920528412,0.2923976608187134
esc10,wav2vec,0,clean,0,0.0,,
esc10,wav2vec,0,clean,1,0.0,,
esc10,wav2vec,0,clean,2,0.0025,0.2836272120475769,1.0
esc10,wav2vec,0,clean,3,0.01,0.3374190926551819,0.5
esc10,wav2vec,0,clean,4,0.03,0.466409683227539,0.5833333333333334
esc10,wav2vec,0,clean,5,0.0525,0.5516703724861145,0.4285714285714285
esc10,wav2vec,0,clean,6,0.0575,0.6400967240333557,0.2608695652173913
esc10,wav2vec,0,clean,7,0.0775,0.762086033821106,0.6451612903225806
esc10,wav2vec,0,clean,8,0.14,0.8608672022819519,0.8392857142857143
esc10,wav2vec,0,clean,9,0.63,0.9549130201339722,0.9404761904761904
esc10,wav2vec,0,white_0,0,0.0,,
esc10,wav2vec,0,white_0,1,0.0,,
esc10,wav2vec,0,white_0,2,0.01,0.272684633731842,0.0
esc10,wav2vec,0,white_0,3,0.02,0.3567484617233276,0.125
esc10,wav2vec,0,white_0,4,0.0375,0.4578230679035187,0.2
esc10,wav2vec,0,white_0,5,0.035,0.541199803352356,0.0714285714285714
esc10,wav2vec,0,white_0,6,0.0525,0.6416953206062317,0.1428571428571428
esc10,wav2vec,0,white_0,7,0.0475,0.7506144642829895,0.1578947368421052
esc10,wav2vec,0,white_0,8,0.215,0.8620481491088867,0.0348837209302325
esc10,wav2vec,0,white_0,9,0.5825,0.9490191340446472,0.1545064377682403
esc10,wav2vec,0,real_0,0,0.0,,
esc10,wav2vec,0,real_0,1,0.0,,
esc10,wav2vec,0,real_0,2,0.01,0.2804652452468872,0.25
esc10,wav2vec,0,real_0,3,0.0475,0.3487763106822967,0.3157894736842105
esc10,wav2vec,0,real_0,4,0.0825,0.4543846845626831,0.2121212121212121
esc10,wav2vec,0,real_0,5,0.0825,0.5502660274505615,0.1818181818181818
esc10,wav2vec,0,real_0,6,0.1,0.650001049041748,0.2
esc10,wav2vec,0,real_0,7,0.1175,0.7533820867538452,0.2553191489361702
esc10,wav2vec,0,real_0,8,0.165,0.8541572093963623,0.2727272727272727
esc10,wav2vec,0,real_0,9,0.395,0.9524758458137512,0.2911392405063291
sc,rf,0,clean,0,0.0,,
sc,rf,0,clean,1,0.1541482572410407,0.1777009215045853,0.3248407643312102
sc,rf,0,clean,2,0.4015709376534119,0.2502837457362998,0.5354523227383863
sc,rf,0,clean,3,0.2319587628865979,0.3453026616118319,0.7407407407407407
sc,rf,0,clean,4,0.1183112420225822,0.4453354124826663,0.8775933609958506
sc,rf,0,clean,5,0.0503190967108492,0.5446947400444694,0.9707317073170731
sc,rf,0,clean,6,0.0218458517427589,0.6463241247737337,0.9887640449438202
sc,rf,0,clean,7,0.0144820814923907,0.7493720373530727,1.0
sc,rf,0,clean,8,0.0066273932253313,0.8491283111860239,1.0
sc,rf,0,clean,9,0.0007363770250368,0.9122141000812216,1.0
sc,rf,0,white_0,0,0.0,,
sc,rf,0,white_0,1,0.7037309769268533,0.1631989959602787,0.1255667945587722
sc,rf,0,white_0,2,0.2940598919980363,0.2291945900796974,0.2729549248747913
sc,rf,0,white_0,3,0.0022091310751104,0.3229607333556294,0.8888888888888888
sc,rf,0,white_0,4,0.0,,
sc,rf,0,white_0,5,0.0,,
sc,rf,0,white_0,6,0.0,,
sc,rf,0,white_0,7,0.0,,
sc,rf,0,white_0,8,0.0,,
sc,rf,0,white_0,9,0.0,,
sc,rf,0,real_0,0,0.0,,
sc,rf,0,real_0,1,0.8294059891998037,0.1604373950341585,0.1820065108020124
sc,rf,0,real_0,2,0.1573392243495336,0.2284230527429515,0.3057722308892355
sc,rf,0,real_0,3,0.0117820324005891,0.3356226437735622,0.4375
sc,rf,0,real_0,4,0.0014727540500736,0.428330050032833,1.0
sc,rf,0,real_0,5,0.0,,
sc,rf,0,real_0,6,0.0,,
sc,rf,0,real_0,7,0.0,,
sc,rf,0,real_0,8,0.0,,
sc,rf,0,real_0,9,0.0,,
sc,cnn,0,clean,0,0.0,,
sc,cnn,0,clean,1,0.0027000490918016,0.1553117334842682,0.1818181818181818
sc,cnn,0,clean,2,0.0041728031418753,0.247215524315834,0.3529411764705882
sc,cnn,0,clean,3,0.0054000981836033,0.3601921796798706,0.4545454545454545
sc,cnn,0,clean,4,0.0061364752086401,0.4585919976234436,0.4
sc,cnn,0,clean,5,0.0127638684339715,0.5575852990150452,0.5961538461538461
sc,cnn,0,clean,6,0.0139911634756995,0.6556662917137146,0.7017543859649122
sc,cnn,0,clean,7,0.0196367206676485,0.7531431317329407,0.8125
sc,cnn,0,clean,8,0.0378006872852233,0.8598206639289856,0.9155844155844156
sc,cnn,0,clean,9,0.8973981345115366,0.9925047755241394,0.9972647702407004
sc,cnn,0,white_0,0,0.0,,
sc,cnn,0,white_0,1,0.0049091801669121,0.181251123547554,0.25
sc,cnn,0,white_0,2,0.0429553264604811,0.2608774602413177,0.2571428571428571
sc,cnn,0,white_0,3,0.0731467844869906,0.3494507372379303,0.4530201342281879
sc,cnn,0,white_0,4,0.0945017182130584,0.450962096452713,0.5194805194805194
sc,cnn,0,white_0,5,0.1087383406971035,0.5496221780776978,0.6072234762979684
sc,cnn,0,white_0,6,0.1107020127638684,0.6517091989517212,0.6807095343680709
sc,cnn,0,white_0,7,0.1126656848306332,0.752574622631073,0.7843137254901961
sc,cnn,0,white_0,8,0.142120765832106,0.85330730676651,0.8773747841105354
sc,cnn,0,white_0,9,0.3102601865488463,0.9667872190475464,0.9746835443037974
sc,cnn,0,real_0,0,0.0,,
sc,cnn,0,real_0,1,0.0031909671084928,0.1878925263881683,0.0769230769230769
sc,cnn,0,real_0,2,0.0483554246440844,0.261145144701004,0.233502538071066
sc,cnn,0,real_0,3,0.0900834560628375,0.3547404110431671,0.3869209809264305
sc,cnn,0,real_0,4,0.1195385370643102,0.4533520042896271,0.4435318275154004
sc,cnn,0,real_0,5,0.1219931271477663,0.5488577485084534,0.5674044265593562
sc,cnn,0,real_0,6,0.101620029455081,0.6491777300834656,0.6207729468599034
sc,cnn,0,real_0,7,0.1070201276386843,0.7518745064735413,0.7614678899082569
sc,cnn,0,real_0,8,0.1227295041728031,0.8507884740829468,0.854
sc,cnn,0,real_0,9,0.2854688267059401,0.9654463529586792,0.9518486672398968
sc,resnet,0,clean,0,0.0,,
sc,resnet,0,clean,1,0.0019636720667648,0.1550168544054031,0.375
sc,resnet,0,clean,2,0.0004909180166912,0.2339706867933273,0.0
sc,resnet,0,clean,3,0.0007363770250368,0.3541121482849121,0.3333333333333333
sc,resnet,0,clean,4,0.0029455081001472,0.4584932327270508,0.4166666666666667
sc,resnet,0,clean,5,0.0054000981836033,0.5466063022613525,0.5
sc,resnet,0,clean,6,0.0063819342169857,0.6490102410316467,0.7692307692307693
sc,resnet,0,clean,7,0.0068728522336769,0.7421015501022339,0.7142857142857143
sc,resnet,0,clean,8,0.0139911634756995,0.852792501449585,0.7543859649122807
sc,resnet,0,clean,9,0.9612174766813942,0.997718334197998,0.9933605720122574
sc,resnet,0,white_0,0,0.0,,
sc,resnet,0,white_0,1,0.0017182130584192,0.1785298138856887,0.2857142857142857
sc,resnet,0,white_0,2,0.0125184094256259,0.2592239677906036,0.2156862745098039
sc,resnet,0,white_0,3,0.034855179185076,0.3564294576644897,0.2394366197183098
sc,resnet,0,white_0,4,0.0571919489445262,0.4535815119743347,0.463519313304721
sc,resnet,0,white_0,5,0.0756013745704467,0.5487569570541382,0.5064935064935064
sc,resnet,0,white_0,6,0.0753559155621011,0.6509069204330444,0.5960912052117264
sc,resnet,0,white_0,7,0.0832106038291605,0.7516292929649353,0.6696165191740413
sc,resnet,0,white_0,8,0.1099656357388316,0.8533324003219604,0.765625
sc,resnet,0,white_0,9,0.5495827196858125,0.9798003435134888,0.9472979008485932
sc,resnet,0,real_0,0,0.0,,
sc,resnet,0,real_0,1,0.0049091801669121,0.1771847903728485,0.35
sc,resnet,0,real_0,2,0.0108001963672066,0.2587568461894989,0.25
sc,resnet,0,real_0,3,0.0373097692685321,0.3567669093608856,0.3157894736842105
sc,resnet,0,real_0,4,0.0603829160530191,0.4535971581935882,0.3861788617886179
sc,resnet,0,real_0,5,0.0721649484536082,0.5514711737632751,0.5
sc,resnet,0,real_0,6,0.0773195876288659,0.651016891002655,0.5428571428571428
sc,resnet,0,real_0,7,0.0861561119293078,0.7513911128044128,0.5982905982905983
sc,resnet,0,real_0,8,0.1143838978890525,0.8524929881095886,0.6866952789699571
sc,resnet,0,real_0,9,0.5365733922434953,0.9795713424682616,0.922689844464776
sc,wav2vec,0,clean,0,0.0,,
sc,wav2vec,0,clean,1,0.001227295041728,0.1862434446811676,0.2
sc,wav2vec,0,clean,2,0.0029455081001472,0.2311538308858871,0.0833333333333333
sc,wav2vec,0,clean,3,0.0009818360333824,0.370199054479599,0.25
sc,wav2vec,0,clean,4,0.002454590083456,0.4558394849300384,0.4
sc,wav2vec,0,clean,5,0.0039273441335297,0.541215181350708,0.375
sc,wav2vec,0,clean,6,0.0041728031418753,0.6419125199317932,0.5882352941176471
sc,wav2vec,0,clean,7,0.0044182621502209,0.7541623115539551,0.5
sc,wav2vec,0,clean,8,0.0068728522336769,0.8624474406242371,0.7857142857142857
sc,wav2vec,0,clean,9,0.9729995090819832,0.9986993074417114,0.9974772956609486
sc,wav2vec,0,white_0,0,0.0,,
sc,wav2vec,0,white_0,1,0.0071183112420225,0.1812822520732879,0.2068965517241379
sc,wav2vec,0,white_0,2,0.0611192930780559,0.2564381062984466,0.285140562248996
sc,wav2vec,0,white_0,3,0.0817378497790869,0.3518110513687134,0.4024024024024024
sc,wav2vec,0,white_0,4,0.0932744231713303,0.4497204422950744,0.4947368421052631
sc,wav2vec,0,white_0,5,0.104074619538537,0.5501804947853088,0.5377358490566038
sc,wav2vec,0,white_0,6,0.0819833087874325,0.6493809223175049,0.6047904191616766
sc,wav2vec,0,white_0,7,0.0913107511045655,0.7481950521469116,0.6666666666666666
sc,wav2vec,0,white_0,8,0.1001472754050073,0.8542086482048035,0.7941176470588235
sc,wav2vec,0,white_0,9,0.3792341678939617,0.9757943153381348,0.9624595469255663
sc,wav2vec,0,real_0,0,0.0,,
sc,wav2vec,0,real_0,1,0.0159548355424644,0.1787761002779007,0.1846153846153846
sc,wav2vec,0,real_0,2,0.0770741286205203,0.2547539174556732,0.2993630573248407
sc,wav2vec,0,real_0,3,0.0837015218458517,0.3510339558124542,0.375366568914956
sc,wav2vec,0,real_0,4,0.0741286205203731,0.4521173238754272,0.5231788079470199
sc,wav2vec,0,real_0,5,0.0763377515954835,0.548751950263977,0.6077170418006431
sc,wav2vec,0,real_0,6,0.0679921453117329,0.6486346125602722,0.6750902527075813
sc,wav2vec,0,real_0,7,0.0679921453117329,0.7529299259185791,0.7292418772563177
sc,wav2vec,0,real_0,8,0.086647029945999,0.8521014451980591,0.8470254957507082
sc,wav2vec,0,real_0,9,0.4501718213058419,0.981810748577118,0.9672846237731734
sc_small,rf,0,clean,0,0.0,,
sc_small,rf,0,clean,1,0.5672557682866961,0.17052720472362565,0.30203375162267415
sc_small,rf,0,clean,2,0.3701521845851743,0.23494338973497975,0.5106100795755968
sc_small,rf,0,clean,3,0.04933726067746686,0.3428168089795055,0.8557213930348259
sc_small,rf,0,clean,4,0.011291114383897889,0.43615605872926794,1.0
sc_small,rf,0,clean,5,0.0019636720667648502,0.5229124375422912,1.0
sc_small,rf,0,clean,6,0.0,,
sc_small,rf,0,clean,7,0.0,,
sc_small,rf,0,clean,8,0.0,,
sc_small,rf,0,clean,9,0.0,,
sc_small,rf,0,white_0,0,0.0,,
sc_small,rf,0,white_0,1,0.7245949926362297,0.17667493334100084,0.09620596205962059
sc_small,rf,0,white_0,2,0.27540500736377027,0.2181984615091461,0.20588235294117646
sc_small,rf,0,white_0,3,0.0,,
sc_small,rf,0,white_0,4,0.0,,
sc_small,rf,0,white_0,5,0.0,,
sc_small,rf,0,white_0,6,0.0,,
sc_small,rf,0,white_0,7,0.0,,
sc_small,rf,0,white_0,8,0.0,,
sc_small,rf,0,white_0,9,0.0,,
sc_small,rf,0,real_0,0,0.0,,
sc_small,rf,0,real_0,1,0.8264604810996563,0.17192483267722516,0.15176715176715178
sc_small,rf,0,real_0,2,0.17280314187530682,0.21793916151747575,0.21022727272727273
sc_small,rf,0,real_0,3,0.0007363770250368188,0.3188867000218886,0.3333333333333333
sc_small,rf,0,real_0,4,0.0,,
sc_small,rf,0,real_0,5,0.0,,
sc_small,rf,0,real_0,6,0.0,,
sc_small,rf,0,real_0,7,0.0,,
sc_small,rf,0,real_0,8,0.0,,
sc_small,rf,0,real_0,9,0.0,,
sc_small,cnn,0,clean,0,0.0,,
sc_small,cnn,0,clean,1,0.10652920962199312,0.17824241518974304,0.3087557603686636
sc_small,cnn,0,clean,2,0.3897889052528228,0.24908733367919922,0.4641057934508816
sc_small,cnn,0,clean,3,0.23883161512027493,0.34454506635665894,0.6269270298047277
sc_small,cnn,0,clean,4,0.11880216003927344,0.44222307205200195,0.8099173553719008
sc_small,cnn,0,clean,5,0.059891998036327936,0.5462049245834351,0.9221311475409836
sc_small,cnn,0,clean,6,0.041728031418753066,0.6437081098556519,0.9470588235294117
sc_small,cnn,0,clean,7,0.028718703976435934,0.7450525760650635,0.9914529914529915
sc_small,cnn,0,clean,8,0.012763868433971527,0.8448636531829834,0.9807692307692307
sc_small,cnn,0,clean,9,0.0029455081001472753,0.922623872756958,1.0
sc_small,cnn,0,white_0,0,0.0,,
sc_small,cnn,0,white_0,1,0.005891016200294551,0.19239234924316406,0.0
sc_small,cnn,0,white_0,2,0.37677957781050564,0.25860998034477234,0.16351791530944626
sc_small,cnn,0,white_0,3,0.3595974472263132,0.3459603190422058,0.20887372013651878
sc_small,cnn,0,white_0,4,0.18949435444280804,0.4423832893371582,0.35751295336787564
sc_small,cnn,0,white_0,5,0.055964653902798235,0.534479558467865,0.5131578947368421
sc_small,cnn,0,white_0,6,0.009327442317133039,0.6315176486968994,0.7368421052631579
sc_small,cnn,0,white_0,7,0.0019636720667648502,0.7433136105537415,1.0
sc_small,cnn,0,white_0,8,0.0009818360333824251,0.8313947916030884,1.0
sc_small,cnn,0,white_0,9,0.0,,
sc_small,cnn,0,real_0,0,0.0,,
sc_small,cnn,0,real_0,1,0.06087383406971036,0.1794019341468811,0.15725806451612903
sc_small,cnn,0,real_0,2,0.27393225331369664,0.25662413239479065,0.13620071684587814
sc_small,cnn,0,real_0,3,0.3087874324987727,0.34573790431022644,0.178060413354531
sc_small,cnn,0,real_0,4,0.17893961708394698,0.4441066086292267,0.18381344307270234
sc_small,cnn,0,real_0,5,0.10579283259695631,0.544270396232605,0.2552204176334107
sc_small,cnn,0,real_0,6,0.0547373588610702,0.6440759301185608,0.32286995515695066
sc_small,cnn,0,real_0,7,0.013009327442317134,0.7407829165458679,0.39622641509433965
sc_small,cnn,0,real_0,8,0.0039273441335297005,0.8274667263031006,0.5
sc_small,cnn,0,real_0,9,0.0,,
sc_small,resnet,0,clean,0,0.0,,
sc_small,resnet,0,clean,1,0.012763868433971527,0.18344108760356903,0.21153846153846154
sc_small,resnet,0,clean,2,0.1556210112911144,0.25779154896736145,0.2902208201892745
sc_small,resnet,0,clean,3,0.22410407461953855,0.35062268376350403,0.32858707557502737
sc_small,resnet,0,clean,4,0.18065783014236622,0.4494286775588989,0.41847826086956524
sc_small,resnet,0,clean,5,0.1210112911143839,0.5483098030090332,0.539553752535497
sc_small,resnet,0,clean,6,0.10260186548846342,0.6481865644454956,0.6220095693779905
sc_small,resnet,0,clean,7,0.06529209621993128,0.7489112615585327,0.7030075187969925
sc_small,resnet,0,clean,8,0.06406480117820323,0.8468941450119019,0.8314176245210728
sc_small,resnet,0,clean,9,0.07388316151202749,0.9528694152832031,0.9269102990033222
sc_small,resnet,0,white_0,0,0.0,,
sc_small,resnet,0,white_0,1,0.016691212567501227,0.1840917021036148,0.08823529411764706
sc_small,resnet,0,white_0,2,0.24349533627884143,0.2619076371192932,0.0907258064516129
sc_small,resnet,0,white_0,3,0.42783505154639173,0.3494274318218231,0.10269650028686174
sc_small,resnet,0,white_0,4,0.22140402552773686,0.4430476427078247,0.11419068736141907
sc_small,resnet,0,white_0,5,0.07069219440353461,0.541729748249054,0.13194444444444445
sc_small,resnet,0,white_0,6,0.016936671575846832,0.6349222660064697,0.08695652173913043
sc_small,resnet,0,white_0,7,0.002700049091801669,0.7379304766654968,0.0
sc_small,resnet,0,white_0,8,0.0002454590083456063,0.8377599716186523,0.0
sc_small,resnet,0,white_0,9,0.0,,
sc_small,resnet,0,real_0,0,0.0,,
sc_small,resnet,0,real_0,1,0.014236622484045164,0.18684518337249756,0.1206896551724138
sc_small,resnet,0,real_0,2,0.250613647520864,0.25976788997650146,0.13418217433888344
sc_small,resnet,0,real_0,3,0.3235149729995091,0.34783509373664856,0.13657056145675264
sc_small,resnet,0,real_0,4,0.21011291114383898,0.44527438282966614,0.12149532710280374
sc_small,resnet,0,real_0,5,0.10972017673048601,0.5430181622505188,0.1319910514541387
sc_small,resnet,0,real_0,6,0.05621011291114384,0.6449465155601501,0.14410480349344978
sc_small,resnet,0,real_0,7,0.024791359842906233,0.7410591840744019,0.12871287128712872
sc_small,resnet,0,real_0,8,0.008836524300441826,0.8391314744949341,0.2222222222222222
sc_small,resnet,0,real_0,9,0.0019636720667648502,0.933020830154419,0.625
sc_small,wav2vec,0,clean,0,0.0,,
sc_small,wav2vec,0,clean,1,0.0004909180166912126,0.1843523383140564,0.0
sc_small,wav2vec,0,clean,2,0.008100147275405008,0.26088622212409973,0.12121212121212122
sc_small,wav2vec,0,clean,3,0.011536573392243496,0.36039477586746216,0.44680851063829785
sc_small,wav2vec,0,clean,4,0.015709376534118802,0.4530099034309387,0.390625
sc_small,wav2vec,0,clean,5,0.01644575355915562,0.5545347332954407,0.4626865671641791
sc_small,wav2vec,0,clean,6,0.019882179675994108,0.6474130153656006,0.7530864197530864
sc_small,wav2vec,0,clean,7,0.023809523809523808,0.7550321817398071,0.865979381443299
sc_small,wav2vec,0,clean,8,0.05130093274423171,0.8601323962211609,0.9090909090909091
sc_small,wav2vec,0,clean,9,0.8527245949926362,0.9670833349227905,0.9948186528497409
sc_small,wav2vec,0,white_0,0,0.0,,
sc_small,wav2vec,0,white_0,1,0.12641138929798723,0.1866464614868164,0.17475728155339806
sc_small,wav2vec,0,white_0,2,0.4180166912125675,0.24337857961654663,0.23076923076923078
sc_small,wav2vec,0,white_0,3,0.15463917525773196,0.3414909839630127,0.2523809523809524
sc_small,wav2vec,0,white_0,4,0.061855670103092786,0.4427092969417572,0.3134920634920635
sc_small,wav2vec,0,white_0,5,0.04491899852724595,0.5458789467811584,0.4207650273224044
sc_small,wav2vec,0,white_0,6,0.029455081001472753,0.6512371897697449,0.5333333333333333
sc_small,wav2vec,0,white_0,7,0.026509572901325478,0.7544007301330566,0.6203703703703703
sc_small,wav2vec,0,white_0,8,0.04590083456062838,0.8567465543746948,0.7914438502673797
sc_small,wav2vec,0,white_0,9,0.09229258713794797,0.9479942917823792,0.9414893617021277
sc_small,wav2vec,0,real_0,0,0.0,,
sc_small,wav2vec,0,real_0,1,0.029455081001472753,0.18889230489730835,0.19166666666666668
sc_small,wav2vec,0,real_0,2,0.20103092783505155,0.24886110424995422,0.2148962148962149
sc_small,wav2vec,0,real_0,3,0.1482572410407462,0.34581705927848816,0.2533112582781457
sc_small,wav2vec,0,real_0,4,0.11659302896416299,0.4466623365879059,0.27789473684210525
sc_small,wav2vec,0,real_0,5,0.08738340697103583,0.547407865524292,0.3904494382022472
sc_small,wav2vec,0,real_0,6,0.06921944035346098,0.6530612111091614,0.48226950354609927
sc_small,wav2vec,0,real_0,7,0.06210112911143839,0.7511252164840698,0.5573122529644269
sc_small,wav2vec,0,real_0,8,0.09867452135493372,0.8560068607330322,0.753731343283582
sc_small,wav2vec,0,real_0,9,0.1872852233676976,0.9498999714851379,0.9187418086500655
