dataset,model,seed,condition,acc,f1,ece,nll,overconf,ece_ts,temperature
esc10,rf,0,clean,0.7825,0.7793310013004969,0.2980621927114062,0.9020061852304302,-0.2951955397112695,0.0359249458095982,0.3733092324685917
esc10,rf,0,white_20,0.6125,0.5865553518277368,0.2297361609717236,1.3224611205552212,-0.2297361609717236,0.0658836059845946,0.3733092324685917
esc10,rf,0,white_10,0.355,0.2827745233106556,0.0826336319970133,1.947313818909304,0.0151139655270113,0.2917126918348606,0.3733092324685917
esc10,rf,0,white_0,0.17,0.0941349505951275,0.2678966210337897,3.5215573069788264,0.2678966210337896,0.5478088570099027,0.3733092324685917
esc10,rf,0,real_20,0.6525,0.6209600169982052,0.2611529134708652,1.2305983643798448,-0.2611529134708652,0.058744363852505,0.3733092324685917
esc10,rf,0,real_10,0.48,0.4320236275509906,0.1241357769755636,1.6475890277636251,-0.1206192604740618,0.1518626597109453,0.3733092324685917
esc10,rf,0,real_0,0.2325,0.1711968739854854,0.1441312520208131,2.604003126263765,0.1402639390272763,0.4050927869859592,0.3733092324685917
esc10,cnn,0,clean,0.8325,0.8315721073734139,0.1409944459050894,0.6205685138702393,-0.1392182898521423,0.025728476382792,0.6417380272541309
esc10,cnn,0,white_20,0.595,0.5395084353619105,0.0540890522301197,1.2536723613739014,-0.0127901744842529,0.1282745987176895,0.6417380272541309
esc10,cnn,0,white_10,0.36,0.3401179692960515,0.2887490031868219,2.1734821796417236,0.2879721069335937,0.4325063400715589,0.6417380272541309
esc10,cnn,0,white_0,0.11,0.0365304420350291,0.7943038171529769,4.4043097496032715,0.794303789138794,0.8612136010825634,0.6417380272541309
esc10,cnn,0,real_20,0.6525,0.5989028439902871,0.0885168973356485,1.0879899263381958,-0.0706241989135741,0.0616939261555671,0.6417380272541309
esc10,cnn,0,real_10,0.515,0.4701855599907982,0.0441136961430311,1.5685310363769531,0.0365577793121337,0.1743076024204492,0.6417380272541309
esc10,cnn,0,real_0,0.2475,0.2195539531297143,0.3621895436942577,2.605928421020508,0.3621895337104797,0.4989771933853626,0.6417380272541309
esc10,resnet,0,clean,0.8725,0.8732451995878978,0.0195422080904245,0.3842910826206207,-0.0114113068580627,0.0217971558868884,0.906572119810667
esc10,resnet,0,white_20,0.7025,0.7106601822012193,0.0717022299021482,0.867950975894928,0.0314565753936767,0.0728249158710241,0.906572119810667
esc10,resnet,0,white_10,0.39,0.3689646434828703,0.3560198974609375,1.9938234090805056,0.3470759844779968,0.3899661503732204,0.906572119810667
esc10,resnet,0,white_0,0.1275,0.0588235294117647,0.7744949123263359,4.598284721374512,0.7744949436187745,0.793221341073513,0.906572119810667
esc10,resnet,0,real_20,0.7225,0.7154535755962768,0.0588678599148988,0.8115743398666382,0.0405334496498107,0.0790084741264581,0.906572119810667
esc10,resnet,0,real_10,0.475,0.4432732039788541,0.255614402666688,1.6122485399246216,0.2500807285308838,0.2807156157493591,0.906572119810667
esc10,resnet,0,real_0,0.2425,0.2094852446888779,0.5427416092157363,3.425978660583496,0.5427416038513184,0.5670255870372057,0.906572119810667
esc10,wav2vec,0,clean,0.8225,0.8193612794841444,0.0563709853589534,0.5922250151634216,0.04252206325531,0.0590994293987751,1.081964622749218
esc10,wav2vec,0,white_20,0.6175,0.5555952281423269,0.1503736431896686,1.2615031003952026,0.1503737044334411,0.1263894088566303,1.081964622749218
esc10,wav2vec,0,white_10,0.4625,0.4128645162338064,0.2556556458771228,1.9613776206970217,0.2556556820869445,0.2301327961683273,1.081964622749218
esc10,wav2vec,0,white_0,0.125,0.062494328397241,0.7284593627601862,4.292474269866943,0.7284594178199768,0.7052816474437713,1.081964622749218
esc10,wav2vec,0,real_20,0.6575,0.6118994466539702,0.1461112585291266,1.191746950149536,0.1445803928375244,0.1252597126737237,1.081964622749218
esc10,wav2vec,0,real_10,0.53,0.4849504045830237,0.214571588076651,1.7419967651367188,0.2105563592910766,0.1903822373598813,1.081964622749218
esc10,wav2vec,0,real_0,0.26,0.2225081237520643,0.5129416096955538,3.40527868270874,0.5129415893554687,0.4883855916559696,1.081964622749218
sc,rf,0,clean,0.6330387825233186,0.6324760948913288,0.3136758967870965,1.4320057176920613,-0.3136758967870965,0.0177067954768276,0.3773147539989068
sc,rf,0,white_20,0.3983799705449189,0.3502952552010118,0.145254354034761,1.7924310234604417,-0.145254354034761,0.1170929656403148,0.3773147539989068
sc,rf,0,white_10,0.3350515463917525,0.2533769502923499,0.1389986700689366,2.011372525877421,-0.1387515766472182,0.0646223142361493,0.3773147539989068
sc,rf,0,white_0,0.1705940108001963,0.113021238797016,0.0406013146545019,2.216309691202618,0.0123645770578785,0.1987016461334652,0.3773147539989068
sc,rf,0,real_20,0.4246440844378988,0.4071025834637825,0.1639060420065084,1.753724116770755,-0.1639060420065084,0.1062959241586276,0.3773147539989068
sc,rf,0,real_10,0.3213058419243986,0.2752312220877216,0.1147654247561598,1.9808606054789997,-0.1147654247561599,0.0964633865382464,0.3773147539989068
sc,rf,0,real_0,0.205694648993618,0.1593329527197041,0.0321018650392779,2.1936927470550556,-0.0321018650392779,0.1226213342532867,0.3773147539989068
sc,cnn,0,clean,0.9698085419734904,0.969787416636103,0.0100640090155906,0.0943378806114196,-0.0093449585040995,0.0062604298121096,0.939556226268788
sc,cnn,0,white_20,0.9440353460972016,0.9441807400992864,0.0051446578003169,0.1618508547544479,0.0031870059306913,0.0092084819874344,0.939556226268788
sc,cnn,0,white_10,0.9023073146784488,0.9035743549562892,0.0098857464790929,0.2867299914360046,0.0001906921422299,0.0118342393905904,0.939556226268788
sc,cnn,0,white_0,0.7513500245459008,0.7527331631658887,0.0334689752927994,0.7225464582443237,-0.0331480892546105,0.01856974103782,0.939556226268788
sc,cnn,0,real_20,0.9479626902307314,0.9480282315738146,0.0065975011448446,0.1576678305864334,-0.0039939769471926,0.0047906192132053,0.939556226268788
sc,cnn,0,real_10,0.9013254786450664,0.9019072724848594,0.0075645918464567,0.2947805523872375,-0.006774916740159,0.0051806679779135,0.939556226268788
sc,cnn,0,real_0,0.6897398134511536,0.6877641997651768,0.0162152080162518,0.928777515888214,0.0030505160051756,0.0230293462805497,0.939556226268788
sc,resnet,0,clean,0.980117820324006,0.9800158541687412,0.007461008066691,0.0686241537332534,0.005062617240844,0.0040572031483852,1.3751278987309503
sc,resnet,0,white_20,0.9452626411389298,0.944772611810908,0.0194971622294752,0.1746649146080017,0.0191487963725143,0.0051412235069462,1.3751278987309503
sc,resnet,0,white_10,0.9018163966617576,0.9015707217107808,0.0326262815916251,0.2916216552257538,0.032349081090928,0.0073820070917254,1.3751278987309503
sc,resnet,0,white_0,0.781786941580756,0.7812880740099575,0.0470331336500074,0.6367071270942688,0.0455280909013912,0.0191517616816461,1.3751278987309503
sc,resnet,0,real_20,0.9462444771723122,0.945918394751004,0.0225469910255763,0.1649683564901352,0.0217119465871482,0.006852593870946,1.3751278987309503
sc,resnet,0,real_10,0.9050073637702504,0.9048477029336908,0.032937753537764,0.3063089251518249,0.0329376445076426,0.0119388592948384,1.3751278987309503
sc,resnet,0,real_0,0.7427589592538046,0.7428775839820594,0.0812962420237198,0.8106686472892761,0.0795995297827554,0.0294239874426266,1.3751278987309503
sc,wav2vec,0,clean,0.98379970544919,0.9837020402360772,0.0044234855668358,0.0421690680086612,0.0043897533978559,0.0031678360403607,1.184551814469968
sc,wav2vec,0,white_20,0.9592538046146294,0.95939874471368,0.0214959274452576,0.1457733213901519,0.0157619548534492,0.018497835290625,1.184551814469968
sc,wav2vec,0,white_10,0.9072164948453608,0.908014995752622,0.0260840761870745,0.2878654301166534,0.0251399819383916,0.0140053463563008,1.184551814469968
sc,wav2vec,0,white_0,0.708885616102111,0.7046619229508633,0.0337409280683108,0.8402741551399231,0.0131995021916512,0.0319208739856673,1.184551814469968
sc,wav2vec,0,real_20,0.9621993127147768,0.9623766907086097,0.016986694847127,0.1250182837247848,0.0156218585689452,0.0110747831040114,1.184551814469968
sc,wav2vec,0,real_10,0.9199803632793324,0.9198730277470488,0.0248035486635766,0.2567334771156311,0.0214957433643444,0.0185229536411103,1.184551814469968
sc,wav2vec,0,real_0,0.7469317623956799,0.7444404831515595,0.0257254494285548,0.7467969655990601,-0.0085461446626782,0.0492686453436775,1.184551814469968
sc_small,rf,0,clean,0.41580756013745707,0.4101414272509819,0.20924505187937806,1.8851712410584769,-0.2092450518793781,0.04019408095966654,0.4314186492312309
sc_small,rf,0,white_20,0.3021600392734413,0.23712544602511104,0.11553514869040477,2.0497213813848845,-0.11553514869040474,0.04920748469255031,0.4314186492312309
sc_small,rf,0,white_10,0.21723122238586157,0.15400564900792568,0.03942967672270585,2.209205337293371,-0.039429676722705836,0.08558475291907233,0.4314186492312309
sc_small,rf,0,white_0,0.12641138929798723,0.054774521202603774,0.061699331623931375,2.357183639644461,0.061699331623931375,0.1997576100376432,0.4314186492312309
sc_small,rf,0,real_20,0.32204221894943547,0.28470852891148246,0.12821645126700426,2.0210330467149764,-0.1282164512670043,0.026793883600714087,0.4314186492312309
sc_small,rf,0,real_10,0.24791359842906235,0.20768618486823773,0.06744966734590549,2.170080318693804,-0.06744966734590549,0.06038962218134486,0.4314186492312309
sc_small,rf,0,real_0,0.16200294550810015,0.11375000296875178,0.01800280344439233,2.319336020534804,0.017981527106672945,0.13937427682696665,0.4314186492312309
sc_small,cnn,0,clean,0.5984290623465881,0.587952769328767,0.25305200328297867,1.397953748703003,-0.2530520045558319,0.028367867829551516,0.40139274204916403
sc_small,cnn,0,white_20,0.48576337751595483,0.4299675765406946,0.12173832315086558,1.5636911392211914,-0.12173832115380273,0.15270489659827893,0.40139274204916403
sc_small,cnn,0,white_10,0.3404516445753559,0.2662350428568271,0.0694470656199027,2.1259000301361084,0.028450651252509673,0.29553239472543247,0.40139274204916403
sc_small,cnn,0,white_0,0.24300441826215022,0.15972434221983628,0.10518583299104758,3.1078240871429443,0.10188185488352544,0.3647871096826501,0.40139274204916403
sc_small,cnn,0,real_20,0.49042709867452133,0.46259189321309346,0.14779043056081778,1.5530952215194702,-0.14779045383428085,0.11652317874693204,0.40139274204916403
sc_small,cnn,0,real_10,0.35247913598429065,0.3098587359046329,0.019988661545073207,1.9608120918273926,-0.009069269889701415,0.25038840712053145,0.40139274204916403
sc_small,cnn,0,real_0,0.18654884634266078,0.15058582383984173,0.18661920670703397,2.816134452819824,0.1866192049001676,0.43673203125135185,0.40139274204916403
sc_small,resnet,0,clean,0.49386352479135986,0.49187227519657056,0.02558699474799381,1.4423022270202637,0.014776406887412108,0.017094282503799896,1.0632064772694148
sc_small,resnet,0,white_20,0.27515954835542467,0.26761200861854173,0.14699628810907148,2.051110029220581,0.1469962789284346,0.12822728165163383,1.0632064772694148
sc_small,resnet,0,white_10,0.16200294550810015,0.12635084738840352,0.2548838882658138,2.589428663253784,0.2542208785161003,0.23603648273571487,1.0632064772694148
sc_small,resnet,0,white_0,0.10358370152184586,0.06127553666866044,0.26209975410368025,2.718937873840332,0.2620997348718919,0.2446606033095321,1.0632064772694148
sc_small,resnet,0,real_20,0.33775159548355427,0.3325279339715982,0.120303476195477,1.938552737236023,0.120303513302075,0.10121411371520764,1.0632064772694148
sc_small,resnet,0,real_10,0.21698576337751596,0.20727915523364526,0.22962267834384123,2.3965108394622803,0.22962266080919058,0.2100921421438441,1.0632064772694148
sc_small,resnet,0,real_0,0.13402061855670103,0.11118659652663862,0.2632801446864344,2.764402151107788,0.2632801612627875,0.24507745600794248,1.0632064772694148
sc_small,wav2vec,0,clean,0.9504172803141875,0.9503217364383509,0.035614164036807894,0.19481328129768372,-0.02818930160782762,0.008560891980538533,0.7513500250202599
sc_small,wav2vec,0,white_20,0.8456062837506136,0.8456059163115481,0.05945568819240902,0.5429553985595703,-0.0594556494618258,0.016458019248457238,0.7513500250202599
sc_small,wav2vec,0,white_10,0.6647029945999018,0.6527150672196763,0.0498522692851477,1.0461158752441406,-0.04165647722777044,0.04832830153145976,0.7513500250202599
sc_small,wav2vec,0,white_0,0.35125184094256257,0.3298959791729506,0.04479031903403145,2.031515598297119,0.04479032719784881,0.10573543160861182,0.7513500250202599
sc_small,wav2vec,0,real_20,0.8902798232695139,0.8904253603012175,0.041787338259762025,0.3988889455795288,-0.04168450209107766,0.012619380355905385,0.7513500250202599
sc_small,wav2vec,0,real_10,0.7719685812469318,0.7721726253037853,0.029112883925320902,0.7604193091392517,-0.01656679110487247,0.05896368142899546,0.7513500250202599
sc_small,wav2vec,0,real_0,0.46735395189003437,0.4622079626699366,0.09380261638788365,1.689156174659729,0.0936391234807542,0.16986080581321397,0.7513500250202599
